<?xml version="1.0" encoding="UTF-8"?>
<!DOCTYPE mapper
PUBLIC "-//mybatis.org//DTD Mapper 3.0//EN"
"http://mybatis.org/dtd/mybatis-3-mapper.dtd">

<!-- commentdaoimpl namespace -->
<mapper namespace="com.mealkit.mapper.ReplyMapper">

	<select id="list" resultType="CommentVO">
		select
		*
		from
		review
		where pid =
		#{pid}
		order by rno desc
	</select>

	<insert id="create">
		insert into review (pid, mId, content)
		values (#{pid},#{mId},#{content})
	</insert>

	<update id="update">
		update review set content = #{content},
		regdate = now()
		where rno = #{rno}
	</update>

	<delete id="delete">
		delete from review where rno =#{rno}
	</delete>


	<select id="listPage" resultType="CommentVO">
		select
		*
		from
		review
		where
		pid =
		#{pid}
		order by rno desc
		limit #{cri.pageStart}, #{cri.perPageNum}
	</select>

	<select id="count" resultType="int">
		select count(pid) from review
		where pid =#{pid}
	</select>


	<select id="getPid" resultType="int">
		select pid from review where rno = #{rno}
	</select>

</mapper>

